{
    "loss": 0.6731808185577393,
    "accuracy": 0.931034505367279
}